Rand,Image
0.233243439738806,pics/PicStim03.jpg
0.227934457960606,pics/PicStim02.jpg
0.488666236712617,pics/PicStim04.jpg
0.459188251247429,pics/PicStim05.jpg
0.851120556304628,pics/PicStim06.jpg
