Rand,Image
0.67997243980154,pics/PicStim230.jpg
0.096755612521849,pics/PicStim231.jpg
0.928258079748739,pics/PicStim232.jpg
0.091935630938559,pics/PicStim233.jpg
0.852596446822664,pics/PicStim234.jpg
