Rand,Image
0.253619544498591,pics/PicStim110.jpg
0.613885910191578,pics/PicStim111.jpg
0.913578234157107,pics/PicStim112.jpg
0.43374934010649,pics/PicStim113.jpg
0.711386194475165,pics/PicStim114.jpg
